0,soccerbar.cn
1,vipkid.com.cn
2,cnzz.com
3,gzteacher.com
4,pook.com
5,bcelive.com
6,ourglb0.com
7,kunlungem.com
8,taobao.org
9,wshifen.com
10,shifen.com
11,dnsv8.net
12,ccgslb.net
13,sudu-sq56.com
14,toastcloud.com
15,86pla.com
16,sfgj.org
17,googleinstaller.org
18,cndns5.com
19,vhostgo.com
20,360wzb.cn
21,u005.com
22,alibabacorp.com
23,hxsd.com
24,paodns.com
25,yuewen8.com
26,eflycloud.com
27,aocde.com
28,yundunwaf.com
29,xuezhanggui.com
30,pxgjhd.cn
31,mxhichina.com
32,weilaicdn.com
33,xiaochipeixun.cn
34,voc.com.cn
35,bsgslb.cn
36,get.vip
37,tvblack.com
38,yunduns.com
39,yodao.com
40,gccdn.net
41,sohu.com
42,qlogo.cn
43,starschina.com
44,v5kf.com
45,walre.com
46,17youle.tv
47,wswebpic.com
48,tb.cn
49,7daysinn.cn
50,kunlunhuf.com
51,zpsh.com.cn
52,dlgslb.net
53,acadn.com
54,taeapp.com
55,huibojob.com
56,ucweb.com
57,zhhui.cn
58,abc188.com
59,akamai.net
60,cankaoxiaoxi.com
61,namebright.com
62,yunjiasu-cdn.net
63,9tjj.com
64,cdnetworks.net
65,hyxr.com
66,sudu-y94k.com
67,tnc.com.cn
68,126.net
69,showjoy.com
70,gotoftp2.com
71,arenacdn.com
72,my4399.com
73,mwcloudcdn.com
74,sinacdn.com
75,dhb168.com
76,panthercdn.com
77,mgslb.com
78,pingan.com.cn
79,samsungspd.com
80,yunduncname.com
81,800cdn.com
82,greencompute.org
83,gtimg.cn
84,aads1.net
85,qianbaocard.com
86,jdkic.com
87,jike360.cn
88,nsatc.net
89,etao.com
90,alidns.com
91,wscdns.com
92,azchcdnd.com
93,zhanqun.net
94,cdnetworks.com
95,tcs-sb.net
96,fzfzjx.com
97,udacity.com
98,agoda.com
99,17rd.com
100,yunduncdns.com
101,soccerbar.cc
102,sudu-tf42.com
103,wezhan.cn
104,ci123.com
105,bwezhan.cn
106,alikunlun.com
107,ccitsecdns.net
108,69yc.cn
109,bxbest.net
110,tencent-cloud.com
111,licdn.com
112,17m3cdn.com
113,sudu-me6n.com
114,h25.cn
115,ccgslb.com.cn
116,aliyunwaf.com
117,gotoftp3.com
118,9game.cn
119,edgekey.net
120,cibntv.net
121,nikecloud.com
122,xgslb.net
123,ladymellow.com
124,inscname.net
125,sobeycache.com
126,zjurl.cn
127,alicdn.com
128,zitian.net.cn
129,itbeacon.net
130,mojicdn.com
131,shushang-z.cn
132,huawei.com
133,ibm.net
134,fmbot.com
135,oursec2.com
136,qianqian.com
137,wsssec.com
138,hi3w.net
139,jianshen8.com
140,oncdp.com
141,shangzhibo.tv
142,upsunet.com
143,wlzhan.com
144,byzp.com
145,sudu-ab6h.com
146,ahxf.gov.cn
147,ybzhan.cn
148,vipsinaapp.com
149,gaode.com
150,xgo-img.com.cn
151,365ime.com
152,sxldns.com
153,wscloudcdn.com
154,jiashule.com
155,kuaiyuncdn.com
156,meihu99.com
157,aqgkd.net
158,gbqtech.com
159,cccyun.cc
160,xinfotek.net
161,netease.com
162,m3guocdn.com
163,avis.cn
164,duapp.com
165,foodjx.com
166,kunlungr.com
167,newbridgetranslation.com.cn
168,sudu-xu9b.com
169,gotoip2.com
170,mobiledefense.com
171,bstdn.com
172,61.com
173,80data.net
174,cdngc.net
175,yjs-cdn.com
176,hc360.com
177,tnccdn.com
178,ns-cdn.com
179,bdysite.com
180,qingcache.com
181,dnsdd.net
182,gg.com
183,4399api.net
184,shopexyun.com
185,amazon.fr
186,wsdvs.com
187,allwinso.com
188,ourwebat.com
189,tanx.com
190,pconline.com.cn
191,cedexis.net
192,jsd.cc
193,gghypt.net
194,apcdns.com
195,idccenter.net
196,3conline.com
197,hennessy.com
198,612.com
199,now.net.cn
200,cainiao.com
201,gtimg.com
202,speedcdns.com
203,tmall.hk
204,sr16.com
205,iecdn.com
206,gotoip55.com
207,ccgslb.com
208,xgslb.cn
209,gotocdn.com
210,oursec1.com
211,gotoip11.com
212,wsglb0.com
213,imsa.cn
214,tlgslb.com
215,gshifen.com
216,kunlunso.com
217,kunluncan.com
218,9you.net
219,wscloudsec.com
220,hbzhan.com
221,shu69.com
222,aligfwaf.com
223,zyzhan.com
224,qjq.gov.cn
225,c-i-m.com.cn
226,163.com
227,nheos.com
228,zhijin.com
229,rackcdn.com
230,galaxyclouds.cn
231,12371.cn
232,i17u.net
233,amap.com
234,xydcname.com
235,lldns.net
236,flycdn.com
237,repai.com
238,hjdns.net
239,fmcm.cn
240,yun300.cn
241,mwcdns.com
242,jiyoujia.com
243,kakamobi.com
244,aakk66.com
245,tudou.com
246,21cn.com
247,a8v5.com
248,xyzx01.cn
249,ourdxz.com
250,tc999.net.cn
251,chuangcdn.com
252,qunar.com
253,qq.com
254,raxcdn.com
255,amazon.ca
256,chem17.com
257,matocloud.com
258,shawdo.com
259,edgesuite.net
260,aihuababy.com
261,wangzhanbao.cc
262,yijia.com
263,akadns.net
264,xincache5.cn
265,pclady.com.cn
266,kunlunle.com
267,vio-sdk.com
268,1688.com
269,kunlunea.com
270,gkzhan.com
271,qiniudns.com
272,alimmdn.com
273,cmediacdn.com
274,qingcdn.com
275,ompchina.net
276,elvxing.net
277,taobao.com
278,qqbaobao.com
279,cn3x.com.cn
280,flipscriptcdn.com
281,cdxcn.net
282,lofter.com
283,sinaedge.com
284,ssacdn.com
285,126.am
286,kunlunli.com
287,pchouse.com.cn
288,cmbchina.com
289,qhcdn.com
290,boxcdn.cn
291,seeyouyima.com
292,360safedns.com
293,amazonaws.com.cn
294,cutt.com
295,wapadd.cn
296,kunlunpi.com
297,cibnvst.com
298,4399yyy.com
299,ejinjiang.com
300,dajiashequ.com
301,web0356.com
302,17uhui.net
303,bwlc.net
304,365cyd.cn
305,repaiapp.com
306,wasu.tv
307,jinxuanjin.com
308,aliexpress.com
309,021.com
310,xlcdn-xlxpj-wanda111-aliyun.xyz
311,qpic.cn
312,yunduncdn.com
313,qihucdn.com
314,yunos.com
315,360.cn
316,fhldns.com
317,cloudfront.net
318,7725.com
319,ctripgslb.com
320,myqcloud.com
321,xunleicdn.net
322,aicdn.com
323,qcomgeo2.com
324,aqb.so
325,xmnjia.com
326,chinacache.net
327,alitrip.com
328,kuaiji.com
329,baidu-mgame.com
330,ourwebpic.com
331,etcp.cn
332,cdn35.com
333,ks-cdn.com
334,cctv.com
335,xjbt.gov.cn
336,sudu-72ub.com
337,validform.club
338,cainiao.com.cn
339,chemnet.com
340,cainiaoyizhan.com
341,ubnt.com
342,bbdglb.com
343,gccdn.cn
344,baiduwebgame.com
345,dyejia.cn
346,szooo.com
347,kunlunaq.com
348,sudu-n7cd.com
349,xiejing.com
350,gotoftp1.com
351,zcdn.com.cn
352,ovscdns.com
353,guazi.com
354,dnsv1.com
355,applinzi.com
356,sudu-67ph.com
357,honyone.com
358,cdn30.com
359,mschcdn.com
360,tongtool.com
361,weitv365.com
362,17uhui.com.cn
363,youku.com
364,itcpn.net
365,baidustatic.com
366,ziyouge.com
367,cdn56.com
368,cloudvhost.cn
369,aerdns.com
370,jetbrains.com
371,pckids.com.cn
372,alipaydns.com
373,sysedu.net
374,kunlunsl.com
375,diytrade.com
376,7k7kimg.cn
377,3366.com
378,zhicdn.com
379,maoyun.tv
380,djiservice.org
381,etest.edu.cn
382,gotoip4.com
383,cname-cdn.com
384,mozaws.net
385,wpsdns.com
386,kunlunno.com
387,cupddns.com
388,ottclub.com
389,zlfund.cn
390,wameiwang.cc
391,175pt.net
392,cdnudns.com
393,cdurl.cn
394,taopiaopiao.com
395,xiangcloud.com.cn
396,anmorencai.com
397,mi.com
398,sunits.com
399,pp8.com
400,cctvcdn.net
401,hwwsdns.cn
402,juming.com
403,mccdnglb.com
404,alicloudwaf.com
405,mwcname.com
406,sudu-32ap.com
407,upyun.com
408,tutuapp.net
409,cs186.net
410,uc.cn
411,xaut.net
412,ykimg.com
413,tl88.net
414,wnacloud.com
415,rhy.com
416,netdna-cdn.com
417,ourdvs.com
418,wasxx.com
419,giantcdn.com
420,e-ztt.com
421,alibaba.com
422,ddcdn.com
423,ourplat.net
424,playstation.net
425,cdnga.net
426,qunarzz.com
427,zhouhonghe.com
428,amazonaws.com
429,cloudglb.net
430,hoopchina.com.cn
431,naivedns.com
432,umeng.com
433,alikunlun.net
434,whecloud.com
435,cmcm.com
436,xiami.com
437,aichaoxing.com
438,china.com
439,yunduoketang.com
440,alimama.com
441,aliyun.com
442,ucloud.com.cn
443,tan14.net
444,quner.com
445,gamersky.com
446,youdao.com
447,25pp.com
448,samsungapps.com
449,weather.com.cn
450,jiaoyubao.cn
451,51fanli.net
452,akamaized.net
453,cdxcn.cn
454,cloudglb.com
455,cloudvhost.top
456,alidayu.com
457,pgdns.cn
458,taiyangos.com
459,ctycdn.com
460,kaopuyun.net
461,cdntip.com
462,jswwl.com
463,spdydns.com
464,corporate-ir.net
465,dot.vip
466,cloudcdn.net
467,akamaiedge.net
468,tz1288.com
469,lxdns.com
470,szhot.com
471,sudu-r8gh.com
472,codemm.net
473,chinacdns.com
474,customcdn.cn
475,zhujimao.com
476,akamaihd.net
477,wan68.com
478,china.org.cn
479,jc35.com
480,eduglobal.com
481,gxdzcy.com
482,fastcdn.com
483,samsung-omc.com
484,ourglb.cn
485,95095.com
486,trpcdn.net
487,chinesecio.com
488,omacloud.com
489,qqccdn.com
490,gotoftp11.com
491,yundundns.com
492,jyqingfeng.com
493,gotoip3.com
494,wswebcdn.com
495,pcauto.com.cn
496,100new.net
497,sina.com.cn
498,huihui.cn
499,cdn20.com
500,alibaba-inc.com
501,05gzs.com
502,4399sy.com
503,aliapp.com
504,cdngtm.com
505,upaiyun.com
506,tingchina.com
507,imqq.com
508,1010pic.com
509,alibabacloud.com
510,hdslb.com
511,bytedns.net
512,notedns.com
513,fund123.cn
514,senhuayun.com
515,kaspersky-labs.com
516,gotoftp4.com
517,jaecdn.com
518,kunlunar.com
519,bokecs.net
520,pcbaby.com.cn
521,chacuo.net
522,appchizi.com
523,chengmail.cn
524,wifisong.com
525,bsclink.cn
526,aliyundunwaf.com
527,xincache1.cn
528,21cnimg.com
529,cnameaddress.top
530,bioderma.net.cn
531,flxdns.com
532,clouddn.com
533,sinaapp.com
534,1card1.cn
535,upcdn.net
536,jomodns.com
537,cloudflare.net
538,mianidc.net
539,my3w.com
540,huoying666.com
541,cdscdscdn.com
542,wallstreetcn.com
543,adobe.com
544,aipoyo.com
545,vtood.com
546,sinaimg.cn
547,verygslb.com
548,hereglb.com
549,akamaitech.net
550,chelaile.net.cn
551,360vcloud.com
552,jjmmw.com
553,elvyo.com
554,verycdn.net
555,gamepp.com
556,alibabadns.com
557,cdn300.cn
558,afzhan.com
559,jic35.cn
560,tmall.com
561,aotclouds.net
562,powercdn.cn
563,oqscloud.com
564,cd888.top
565,carcdn.com
566,ttplayer.com
567,baidu.com
568,jaeapp.com
569,5054399.com
570,ourwebhttps.com
571,kunlunca.com
572,xuetangx.com
573,websitecname.top
574,ourwebcdn.com
575,tbcache.com
576,bdydns.com
577,unity3d.com
578,7kcdn.cn
579,cpifeng.com
580,zhengzaixiazai.net
581,liansaipiao.com
582,nongjx.com
583,mainongji.com
584,huajx.com
585,mjdun.net
586,cntv.cn
587,icbc.com.cn
588,kaspersky.com
589,gotoip1.com
590,360-game.net
591,cloudinary.com
592,sudu-pq2y.com
593,easttone.com
594,qcloudcdn.com